Document;CustomName;Probability
dear bitmart users   according to our continuous observation and the rules governing suspension  concealment and delisting of trading pairs  and transactions  bitmart decides to delist doginme  olm  olas   beai   giga   play  aigc  alita bome   booboo  brct  codeg  czgoat  depd  dogelogy fota  ggt  inae  korra  mascot  moon  mrx  mxmdao  pepesora  pg  suspend the deposit feature  and related trading pairs  shown as below  at       pm on august  th         utc   users should cancel their orders of the affected digital assets from our platform  if your order is not canceled in time  the order will be canceled by the system and your assets will be credited to your trading account   trading pairs to be delisted  doginme usdt olm usdt olas usdt   beai usdt  giga usdt  play usdt aigc usdt alita usdt bome  usdt booboo usdt brct usdt codeg usdt czgoat usdt depd usdt dogelogy usdt fota usdt ggt usdt inae usdt korra usdt mascot usdt moon usdt mrx usdt mxmdao usdt pepesora usdt pg usdt   for users who are holding the affected assets  please withdraw them to other platforms or to your wallet as soon as possible  the withdrawal of doginme  olm  olas   beai   giga   play  aigc  alita bome   booboo  brct  codeg  czgoat  depd  dogelogy fota  ggt  inae  korra  mascot  moon  mrx  mxmdao pepesora  pg  closes at       pm on october          utc      note  not withdrawing related tokens timely may result in assets loss  bitmart will not be responsible for any assets loss caused by doing so   thank you for your understanding and support    bitmart team   more details   url ;42_utc_bitmart_usdt_listing;1.0
   on march     china s zhejiang humanoid robot innovation center released the universal humanoid robot  pilot     it is understood that the release of the  pilot     on the basis of zhejiang university humanoid robot  wukong      for a new upgrade  innovative put forward the mechanism control  imitation learning and reinforcement learning integration methods     the general humanoid robot  pilot    was unveiled    the pilot   is    cm tall  weighs   kg  has    degrees of freedom  and has a  kg single arm load  equipped with   color cameras    rgbd cameras    imus  and an edge computing power of     tops  the whole system is fully independently developed  and the hardware end is equipped with a self developed new planetary reducer  lightweight human robot arm and multi freedom dexterous hand   in addition   pilot    builds a model free end to end servo control  which does not rely on large models or object models  and can also dynamically adapt to the environment operation  get rid of the dependence on cloud computing power  and making the local deployment of the algorithm more convenient   in fact  since       the team has developed a small human football robot  from      to       the team developed a table tennis human football robot that can play     rounds and can adapt to the front and back beat and spin the ball  since then  the team has begun to study a new generation of indoor and outdoor fast and robust walking humanoid robots that can adapt to a variety of terrain  thrust disturbances  and dynamic obstacle avoidance  at present  humanoid robots benefit from technical support  application scenario expansion and user experience improvement  technological progress promotion and organizational digital transformation  and have great potential for future development  it is worth mentioning that on march     the launching ceremony of heilongjiang intelligent robot industry university research application alliance  hereinafter referred to as  alliance   led by harbin institute of technology was held   according to introducing  the start of the alliance is to speed up the promotion of heilongjiang province intelligent robot industry technology innovation ability  promote innovation chain and industrial chain depth fusion  to build first class intelligent robot original technology source  promote innovation chain and industrial chain depth fusion  promote the development of intelligent robot industry in heilongjiang province plays an important role     broad prospects stimulate the influx of entrepreneurs and capital    at present  humanoid robots are making continuous progress  in addition to policy support  actively participating in the wave of humanoid robot industry  there are many science and innovation enterprises  recently  the  dream team  of nine different humanoid robots was just unveiled at the gtc conference of nvidia  nvda   in       inspiring technology enthusiasts from all over the world  at the event  huang launched the project gr  t  a general basic model of humanoid robots  and a new humanoid robot computer jetson thor based on the nvidia thor system level chip  soc    in addition  several humanoid machines can complete a variety of difficult movement instructions  whether it is juice  housework  dancing  drums  the robot can cope with  huang said    the next generation of robots may be humanoid robots  because more imitation training data can be provided to machines who are similar to us  humanoid robots can be deployed more efficiently in human designed workstations  manufacturing  and logistics processes      the improvement of the wimi industry chain    not only that  compared with many industry pioneers  wimi hologram cloud  nasdaq  wimi   as a leading full stack interactive ai solution provider  has a strong technical team and a rich product line  at the same time  wimi has accumulated several years of technology in the field of humanoid robots  and has rich research and development experience and technology depth  seeking full stack solutions to meet the needs of enterprise level users  it will usher in broad development opportunities   in fact  wimi has a strong industrial foundation and research and development technology  at present  the whole industry chain of robots has begun to take shape  which has laid a solid foundation for the development of humanoid robots  the essence of humanoid robot is the combination of  ai     and ai algorithm and computing chip are the main bottleneck for the commercialization of humanoid robot  wimi may build a robot algorithm computing power platform  enable ai for the entire industry  and drive more manufacturers to try to use large models to train embodied robots and accelerate commercial implementation   it can be said that wimi makes full efforts in the humanoid robot track  constantly promotes the key tasks and objectives of humanoid robot  achieves more landmark achievements  and accelerates the continuous breakthrough and innovation of humanoid robot technology  through cross border construction and cooperation  it is beneficial to form the linkage of upstream and downstream industries  and create the humanoid robot industry ecology  in the future  wimi will always adhere to promoting the full chain of the humanoid robot industry  providing a strong impetus for the rapid development of the humanoid robot industry  and boosting the vigorous development of the industrial ecology     conclusion    with the advancement of technological update  the attention of robots  especially humanoid robots  remains high  industry insiders believe that humanoid robots are expected to become another disruptive product after computers  smart phones and new energy vehicles  which will drive the vast blue ocean market  in a word  the industrialization trend of humanoid robot has arrived  the humanoid robot startups and high tech companies have joined in  accelerating the integration and development of ai industry and humanoid robot industry  and the future is expected ;46_wimi_technology_humanoid_robot;1.0
 url   join through the referral link and receive a      point bonus after reaching     hours of uptime    url   join grass and start earning passive income by sharing unused internet bandwidth  grass powers ai models  utilizing idle bandwidth to fuel data scraping and model training for ai companies  by installing the grass web extension  users become part of the ai revolution  earning a stake in the network for a resource they didn t even know they had   privacy is a top priority for grass  verified companies can access idle bandwidth without compromising personal information  all buyers undergo thorough vetting and monitoring to prevent misuse or illegal activity  grass ensures that only up to      of bandwidth is utilized at any given time  preserving internet speed   participation in grass directly contributes to ai growth  the network provides essential web data for training ai models  with ai labs being significant customers  with grass  ai labs can scrape the internet for data and access curated datasets  accelerating ai development   security and privacy are paramount  grass operates solely as a bandwidth exchange network  ensuring buyers cannot access user data or activity  security and privacy are guaranteed   early adopters stand to benefit from earning passive income and gaining a stake in an innovative network poised to revolutionize the internet  join through the referral link and receive a      point bonus after reaching     hours of uptime  don t miss out on the opportunity to shape the future of ai and earn with grass    url ;43_grass_bandwidth_referral_earning;1.0
 url    url   join grass and start earning passive income by sharing unused internet bandwidth  grass powers ai models  utilizing idle bandwidth to fuel data scraping and model training for ai companies  by installing the grass web extension  users become part of the ai revolution  earning a stake in the network for a resource they didn t even know they had   privacy is a top priority for grass  verified companies can access idle bandwidth without compromising personal information  all buyers undergo thorough vetting and monitoring to prevent misuse or illegal activity  grass ensures that only up to      of bandwidth is utilized at any given time  preserving internet speed   participation in grass directly contributes to ai growth  the network provides essential web data for training ai models  with ai labs being significant customers  with grass  ai labs can scrape the internet for data and access curated datasets  accelerating ai development   security and privacy are paramount  grass operates solely as a bandwidth exchange network  ensuring buyers cannot access user data or activity  security and privacy are guaranteed   early adopters stand to benefit from earning passive income and gaining a stake in an innovative network poised to revolutionize the internet  join through the referral link and receive a      point bonus after reaching     hours of uptime  you also benefit from referrals  once they reach     hours of uptime you get      points  then get matched     of their referrals earning and     of any people they refer  don t miss out on the opportunity to shape the future of ai and earn with grass   join through the referral link and receive a      point bonus after reaching     hours of uptime    url ;43_grass_bandwidth_referral_earning;1.0
   humanoid robot through the bionic form  improve the depth and breadth of the application  and finally realize the common social division of labor with human beings  with the rise of ai large models  humanoid robot will deploy dedicated large models in vivo to understand human instructions and accomplish various tasks   since the establishment of the current social environment takes human adaptation as the starting point  humanoid robot can deal with the complex human environment with similar human capabilities without transforming the environment  with wider use scenarios  can be used as a simple and repetitive labor force  and can also adapt to non standard service scenarios while meeting emotional needs and interaction       url     the first year of humanoid robot commercialization    humanoid robot it is the best carrier of full stack artificial intelligence technologies including large model  vision  language and deep learning  it is a forward looking field for the development of new quality productive forces  it has broad prospects for development and will play an important role in promoting high quality economic development and social progress   based on the world  the international and domestic humanoid robot layout almost appears the hottest competition situation   at the same time  several industry insiders said that humanoid robot is facing a important moment  it obtains the  soul  from the ai model  enables the ai algorithm to enter the real physical world  and practice in the production links of automobile and precision manufacturing  and realizes the exploration of  from   to          entrepreneurs continues to lead the humanoid robot    humanoid robot it is another extreme challenge of human science and technology  and also another exploration of the future trend of human civilization  in the long run  the humanoid robot could reach billions of magnitude  in       the technology circle will usher in the first year of humanoid robot commercialization   humanoid robot industry is known as a new generation of disruptive products  broad prospects for development  has become a new highland of technology companies competing layout  for example  deepmind  a subsidiary of google  goog   released the rt  language  and action model robot vision    the second generation of tesla  tsla us  optimus introduced a dexterous tactile sensor  and the robot added a black skin  tactile sensor  to the belly of the fingers  demonstrating the action of holding the egg with two fingers to further improving the hand function       url     wimi s layout of humanoid robot fields    in addition  it is worth noting that the listed technology company wimi hologram cloud  nasdaq  wimi  is actively embracing the humanoid robot market  which will become an important growth point for the company s applications in the future  according to the introduction  wimi hologram cloud focuses on the core technology of humanoid robot industry  achievement transformation and industrialization  in humanoid robot track  with intelligent service ability as the starting point  anchor humanoid robot subdivision track field  and actively seize the commanding heights of development   so far  wimi hologram cloud s r   d center integrated a number of technical experts  in research and development  research and development project investment  will realize the rapid integration of technical resources  the core technology to speed up the research  scientific research achievements of accelerated transformation  contains the modal large model  multimodal perception  human computer interaction  ai vision  and other aspects  its innovative application and implementation difficulty in the scope of the industry belongs to the first echelon level   in addition  in order to realize the company strategic development  meet customer demand in the field of humanoid robot  brain computer interface  wimi hologram cloud future will also be in humanoid robot and ai model training  digital twin and virtual reality  interdisciplinary application development expand cooperation  efforts to promote the collaborative evolution of ai model   humanoid robot  promote scientific and technological innovation and industrial innovation  consolidate with the enterprise as the main body to the future track of scientific and technological innovation and disruptive technology revolution     to sum up    in guotai junan s view  versatility is the key to the commercialization of humanoid robot  and the ai model can accelerate the industrialization of robots  looking forward to the future  humanoid robot  as the blue ocean of new quality productivity  has broad development prospects  humanoid robot focuses on the landing of scenarios  in the future  with the continuous breakthrough of technology and the deepening of application scenarios  once the humanoid robot market will gradually mature  it will create more value for economic and social development ;46_wimi_technology_humanoid_robot;1.0
dear bitmart users   bitmart is thrilled to announce the listing of friend  ai  f   on may          please check out the details of listing below   deposit feature                 am utc  trade feature                 am utc  withdrawal feature                 am utc  trading pair  f  usdt   trading zone  ai  more details   url ;42_utc_bitmart_usdt_listing;0.6871377343902192
dear bitmart users   bitmart is thrilled to announce the primary listing of qna  ai  gpt    on february    th        please check out the details of listing below   deposit feature  available  trade feature                   am  utc   withdrawal feature                   am  utc   trading pair  gpt usdt   trading zone  innovation ai  more details   url ;42_utc_bitmart_usdt_listing;1.0
  grass  earn a stake in the ai revolution  passive income      grass is a decentralized network allowing users to earn passive income by selling unused internet bandwidth    url   sign up is by invite only currently      use  my referral link to get an account   url     sign up for an account using code   gfdlxqgmsgyjxm   url     download the  google chrome browser extension   url     connect your browser and start earning grass points passively   visit  www getgrass io   url  and join  r grass  io   url  for more info     x   b     grass  earn a stake in the ai revolution  passive income      grass  is pioneering as the world s first layer   data rollup focused on creating a transparent ai data layer  as an early user  i ve seen firsthand the potential it has to change the ai landscape  and here s why i think you should be excited too        why grass     in the ai world  data is king  but finding vast amounts of training data isn t easy  especially data that s accessible outside commercial data centers  grass addresses this by scraping public web data via a decentralized network of web scraping nodes  operated by folks like you and me  from our homes       what is grass     in the simplest terms  grass is a platform that leverages unused bandwidth to scrape and structure data from the web  this data is then used to train ai models  the beauty of grass is its commitment to transparency and ethics in ai development  they don t collect user data but instead focus on publicly available information to build a data model that benefits the entire ai community        why grass matters       ethical ai development  grass s approach ensures that ai development is fed by ethically sourced  transparent data     empowerment through participation  by using grass  you contribute to the ai revolution without sacrificing your privacy or personal data     earn while you browse  grass rewards users for their participation  not by exploiting personal data  but by utilizing unused bandwidth      how you can join     sign up is by invite only currently      use  my referral to get an account   url     download the  google chrome browser extension   url     connect your browser and start earning grass points passively     the earning mechanics         active use    just by keeping grass running  you accumulate points based on your network s uptime       referral system    share your unique referral link  when someone signs up or further refers others  you earn additional points     why i m all in    as someone deeply interested in the ethical implications of ai  grass represents a shift towards a more open and transparent model of ai development  the fact that it rewards participation without compromising user privacy is a big plus for me     your role in the ai future    by joining grass  you re not just earning points  you re contributing to a movement that values ethical ai development  whether you re an ai enthusiast  a data scientist  or just someone curious about the future of technology  grass offers a unique opportunity to be part of something meaningful   ready to dive in     signup link     url     x   b   for selling points  can currently use   url          whales market grass points market   url        note  at current time  presale market prices  grass points are earning users        a day  just for leaving your computer connected to an internet connection     x   b ;43_grass_bandwidth_referral_earning;1.0
   on march     china s zhejiang humanoid robot innovation center released the universal humanoid robot  pilot     it is understood that the release of the  pilot     on the basis of zhejiang university humanoid robot  wukong      for a new upgrade  innovative put forward the mechanism control  imitation learning and reinforcement learning integration methods     x   b     the general humanoid robot  pilot    was unveiled    the pilot   is    cm tall  weighs   kg  has    degrees of freedom  and has a  kg single arm load  equipped with   color cameras    rgbd cameras    imus  and an edge computing power of     tops  the whole system is fully independently developed  and the hardware end is equipped with a self developed new planetary reducer  lightweight human robot arm and multi freedom dexterous hand   in addition   pilot    builds a model free end to end servo control  which does not rely on large models or object models  and can also dynamically adapt to the environment operation  get rid of the dependence on cloud computing power  and making the local deployment of the algorithm more convenient   in fact  since       the team has developed a small human football robot  from      to       the team developed a table tennis human football robot that can play     rounds and can adapt to the front and back beat and spin the ball  since then  the team has begun to study a new generation of indoor and outdoor fast and robust walking humanoid robots that can adapt to a variety of terrain  thrust disturbances  and dynamic obstacle avoidance  at present  humanoid robots benefit from technical support  application scenario expansion and user experience improvement  technological progress promotion and organizational digital transformation  and have great potential for future development  it is worth mentioning that on march     the launching ceremony of heilongjiang intelligent robot industry university research application alliance  hereinafter referred to as  alliance   led by harbin institute of technology was held   according to introducing  the start of the alliance is to speed up the promotion of heilongjiang province intelligent robot industry technology innovation ability  promote innovation chain and industrial chain depth fusion  to build first class intelligent robot original technology source  promote innovation chain and industrial chain depth fusion  promote the development of intelligent robot industry in heilongjiang province plays an important role     broad prospects stimulate the influx of entrepreneurs and capital    at present  humanoid robots are making continuous progress  in addition to policy support  actively participating in the wave of humanoid robot industry  there are many science and innovation enterprises  recently  the  dream team  of nine different humanoid robots was just unveiled at the gtc conference of nvidia  nvda   in       inspiring technology enthusiasts from all over the world  at the event  huang launched the project gr  t  a general basic model of humanoid robots  and a new humanoid robot computer jetson thor based on the nvidia thor system level chip  soc    in addition  several humanoid machines can complete a variety of difficult movement instructions  whether it is juice  housework  dancing  drums  the robot can cope with  huang said    the next generation of robots may be humanoid robots  because more imitation training data can be provided to machines who are similar to us  humanoid robots can be deployed more efficiently in human designed workstations  manufacturing  and logistics processes      the improvement of the wimi industry chain    not only that  compared with many industry pioneers  wimi hologram cloud  nasdaq  wimi   as a leading full stack interactive ai solution provider  has a strong technical team and a rich product line  at the same time  wimi has accumulated several years of technology in the field of humanoid robots  and has rich research and development experience and technology depth  seeking full stack solutions to meet the needs of enterprise level users  it will usher in broad development opportunities   in fact  wimi has a strong industrial foundation and research and development technology  at present  the whole industry chain of robots has begun to take shape  which has laid a solid foundation for the development of humanoid robots  the essence of humanoid robot is the combination of  ai     and ai algorithm and computing chip are the main bottleneck for the commercialization of humanoid robot  wimi may build a robot algorithm computing power platform  enable ai for the entire industry  and drive more manufacturers to try to use large models to train embodied robots and accelerate commercial implementation   it can be said that wimi makes full efforts in the humanoid robot track  constantly promotes the key tasks and objectives of humanoid robot  achieves more landmark achievements  and accelerates the continuous breakthrough and innovation of humanoid robot technology  through cross border construction and cooperation  it is beneficial to form the linkage of upstream and downstream industries  and create the humanoid robot industry ecology  in the future  wimi will always adhere to promoting the full chain of the humanoid robot industry  providing a strong impetus for the rapid development of the humanoid robot industry  and boosting the vigorous development of the industrial ecology     conclusion    with the advancement of technological update  the attention of robots  especially humanoid robots  remains high  industry insiders believe that humanoid robots are expected to become another disruptive product after computers  smart phones and new energy vehicles  which will drive the vast blue ocean market  in a word  the industrialization trend of humanoid robot has arrived  the humanoid robot startups and high tech companies have joined in  accelerating the integration and development of ai industry and humanoid robot industry  and the future is expected ;46_wimi_technology_humanoid_robot;1.0
i m thrilled to introduce you to tedai  a groundbreaking platform where blockchain meets artificial intelligence to create an accessible and enjoyable tech experience for everyone  whether you re a seasoned developer  a creative artist  or just someone curious about the future of technology  tedai has something for you    w  hat is tedai    tedai is designed to be your go to hub for learning  creating  and innovating with blockchain and ai  our platform offers a range of tools and resources to help you     develop cutting edge blockchain applications    create ai powered solutions    explore and engage with the latest advancements in tech    j  oin our community   by participating in our token sale  you re not just buying a token  you re joining a vibrant community that s passionate about shaping the future of decentralized technology  your involvement will help us build a platform that empowers everyone to harness the power of blockchain and ai    w  hy tedai         education    access comprehensive resources to learn about blockchain and ai      innovation    use our tools to bring your tech ideas to life      community    connect with like minded individuals and collaborate on exciting projects    g  et started with tedai today    don t miss out on the opportunity to be part of a revolutionary movement in tech  visit our website to learn more about the token sale and how you can get involved ;tedai_crypto;1.0
are you passionate about blockchain and ai  or maybe you re just curious about how these revolutionary technologies are shaping our world   allow me to introduce you to t  edai    a pioneering platform at the intersection of blockchain and artificial intelligence  designed to make these cutting edge technologies accessible and enjoyable for everyone     what is tedai    tedai is an innovative platform that aims to democratize access to blockchain and ai  whether you re a seasoned developer  a creative soul  or someone eager to dive into the tech world  tedai offers an engaging environment to learn  create  and innovate  our goal is to empower individuals and communities to harness the full potential of these transformative technologies     why tedai          educational resources    from interactive courses to comprehensive guides  tedai provides all the tools you need to master blockchain and ai concepts       creative toolkit    developers and creators can leverage our ai assisted design tools and pre built scripts to bring their projects to life       community centric    at tedai  you re not just a user  you re part of a vibrant  collaborative community  share ideas  collaborate on projects  and grow together       innovative learning    experience hands on learning with real world applications and projects that make complex technologies fun and accessible     join our token sale    by participating in tedai s token sale  you re not just investing in a token  you re becoming a part of a community that s set to shape the future of decentralized technology  your investment supports the growth and development of a platform designed to innovate and educate ;tedai_crypto;0.5753537377281108
i m thrilled to share an exciting project that s making waves at the intersection of blockchain and artificial intelligence tedai    tedai is a pioneering platform designed to make blockchain and ai accessible and enjoyable for everyone  whether you re a developer  creator  or just curious about the future of tech  here s why you should check it out    l  earn   innovate    tedai offers a rich  interactive learning experience that covers everything from the basics of blockchain to advanced ai applications  whether you re a beginner or a seasoned pro  there s something for everyone    c  reate   collaborate    with tools like the meme coin creation toolkit and ai powered design  tedai empowers you to bring your creative ideas to life  it s a fantastic way to experiment and innovate with cutting edge technology    c  ommunity driven    by participating in tedai s token sale  you re not just investing in a token  you re joining a vibrant community passionate about shaping the future of decentralized technology  your involvement can help drive innovation and bring new ideas to the forefront   if you re excited about the potential of blockchain and ai  tedai is the perfect platform to explore and grow with  don t miss the opportunity to be part of something big  check out their website and learn more about how you can get involved ;tedai_crypto;0.4677558561625424
